-- ========================================
-- FR-3.1 인허가 체크리스트 관련 테이블 DDL + 데이터
-- 작성자: 최지원
-- ========================================

-- ========================================
-- 1. DDL - 테이블 생성
-- ========================================

-- license_industries (인허가 업종 정보)
CREATE TABLE IF NOT EXISTS license_industries (
    id UUID PRIMARY KEY DEFAULT gen_random_uuid(),
    name VARCHAR(100) NOT NULL,
    law_name VARCHAR(200) NOT NULL,
    law_article VARCHAR(100),
    license_type VARCHAR(20) NOT NULL,
    department VARCHAR(100) NOT NULL
);

-- surveys (조건 질문)
CREATE TABLE IF NOT EXISTS surveys (
    id UUID PRIMARY KEY DEFAULT gen_random_uuid(),
    license_id UUID NOT NULL REFERENCES license_industries(id) ON DELETE CASCADE,
    question VARCHAR(300) NOT NULL,
    order_num SMALLINT NOT NULL
);

-- documents (필요 서류)
CREATE TABLE IF NOT EXISTS documents (
    id UUID PRIMARY KEY DEFAULT gen_random_uuid(),
    license_id UUID NOT NULL REFERENCES license_industries(id) ON DELETE CASCADE,
    name VARCHAR(200) NOT NULL,
    issuer VARCHAR(100) NOT NULL,
    is_common BOOLEAN NOT NULL DEFAULT false
);

-- survey_documents (조건부 서류 연결)
CREATE TABLE IF NOT EXISTS survey_documents (
    id UUID PRIMARY KEY DEFAULT gen_random_uuid(),
    survey_id UUID NOT NULL REFERENCES surveys(id) ON DELETE CASCADE,
    answer BOOLEAN NOT NULL,
    document_id UUID NOT NULL REFERENCES documents(id)
);

-- checklist_steps (방문 동선)
CREATE TABLE IF NOT EXISTS checklist_steps (
    id UUID PRIMARY KEY DEFAULT gen_random_uuid(),
    license_id UUID NOT NULL REFERENCES license_industries(id) ON DELETE CASCADE,
    order_num SMALLINT NOT NULL,
    place VARCHAR(100) NOT NULL,
    task VARCHAR(300) NOT NULL,
    estimated_days VARCHAR(50)
);

-- license_industry_mappings (업종-인허가 매핑)
CREATE TABLE IF NOT EXISTS license_industry_mappings (
    id UUID PRIMARY KEY DEFAULT gen_random_uuid(),
    category_id UUID NOT NULL REFERENCES industry_categories(id),
    license_id UUID NOT NULL REFERENCES license_industries(id)
);

-- checklist_progresses (스테퍼 진행 상황)
CREATE TABLE IF NOT EXISTS checklist_progresses (
    id UUID PRIMARY KEY DEFAULT gen_random_uuid(),
    user_id UUID NOT NULL REFERENCES users(id) ON DELETE CASCADE,
    license_id UUID NOT NULL REFERENCES license_industries(id),
    current_step SMALLINT NOT NULL DEFAULT 1,
    industry_code VARCHAR(50),
    conditions JSONB,
    updated_at TIMESTAMPTZ DEFAULT NOW()
);

-- ========================================
-- 2. 데이터 INSERT
-- ========================================

-- license_industries
INSERT INTO license_industries (id, name, law_name, law_article, license_type, department) VALUES
('a1000000-0000-0000-0000-000000000001', '일반음식점', '식품위생법', '제37조제4항', '신고', '시군구청 위생과'),
('a1000000-0000-0000-0000-000000000002', '휴게음식점', '식품위생법', '제37조제4항', '신고', '시군구청 위생과'),
('a2000000-0000-0000-0000-000000000001', '노래연습장업', '음악산업진흥에 관한 법률', '제18조제1항', '등록', '시군구청 문화체육과'),
('a3000000-0000-0000-0000-000000000001', '미용업', '공중위생관리법', '제3조제1항', '신고', '시군구청 위생과'),
('a4000000-0000-0000-0000-000000000001', '숙박업', '공중위생관리법', '제3조제1항', '신고', '시군구청 위생과'),
('a4000000-0000-0000-0000-000000000002', '농어촌민박업', '농어촌정비법', '제86조제1항', '신고', '시군구청 농업정책과'),
('a5000000-0000-0000-0000-000000000001', '체력단련장업', '체육시설의 설치·이용에 관한 법률', '제20조제1항', '신고', '시군구청 체육과'),
('a6000000-0000-0000-0000-000000000001', '학원', '학원의 설립·운영 및 과외교습에 관한 법률', '제6조제1항', '등록', '교육청 교육지원과'),
('a7000000-0000-0000-0000-000000000001', '약국', '약사법', '제20조제2항', '등록', '시군구청 보건위생과'),
('a8000000-0000-0000-0000-000000000001', '공인중개사 사무소', '공인중개사법', '제9조', '등록', '시군구청');

-- surveys
INSERT INTO surveys (id, license_id, question, order_num) VALUES
('b1000000-0000-0000-0000-000000000001', 'a1000000-0000-0000-0000-000000000001', '지하수를 조리·세척 등에 사용할 예정인가요?', 1),
('b1000000-0000-0000-0000-000000000002', 'a1000000-0000-0000-0000-000000000001', '영업장이 지하 66㎡ 이상 또는 2층 이상 100㎡ 이상인가요?', 2),
('b1000000-0000-0000-0000-000000000003', 'a1000000-0000-0000-0000-000000000001', 'LPG(액화석유가스)를 사용할 예정인가요?', 3),
('b1000000-0000-0000-0000-000000000004', 'a1000000-0000-0000-0000-000000000001', '어린이놀이시설을 설치할 예정인가요?', 4),
('b1000000-0000-0000-0000-000000000005', 'a1000000-0000-0000-0000-000000000002', '지하수를 조리·세척 등에 사용할 예정인가요?', 1),
('b1000000-0000-0000-0000-000000000006', 'a1000000-0000-0000-0000-000000000002', '영업장이 지하 66㎡ 이상 또는 2층 이상 100㎡ 이상인가요?', 2),
('b1000000-0000-0000-0000-000000000007', 'a1000000-0000-0000-0000-000000000002', 'LPG(액화석유가스)를 사용할 예정인가요?', 3),
('b1000000-0000-0000-0000-000000000008', 'a1000000-0000-0000-0000-000000000002', '어린이놀이시설을 설치할 예정인가요?', 4),
('b2000000-0000-0000-0000-000000000001', 'a2000000-0000-0000-0000-000000000001', '영업장 면적이 150㎡ 이상인가요? (다중이용업소 해당 여부)', 1),
('b2000000-0000-0000-0000-000000000002', 'a2000000-0000-0000-0000-000000000001', '건물 소유자와 임대차계약서 임대인이 다른가요?', 2),
('b3000000-0000-0000-0000-000000000001', 'a3000000-0000-0000-0000-000000000001', '피부미용, 네일, 메이크업 등 종합미용업으로 운영할 예정인가요?', 1),
('b3000000-0000-0000-0000-000000000002', 'a3000000-0000-0000-0000-000000000001', '국유철도 정거장 또는 군사시설 내에서 영업할 예정인가요?', 2),
('b4000000-0000-0000-0000-000000000001', 'a4000000-0000-0000-0000-000000000001', '건물 일부를 대상으로 숙박업 영업신고를 하나요?', 1),
('b4000000-0000-0000-0000-000000000002', 'a4000000-0000-0000-0000-000000000001', '지하수를 식수 또는 조리에 사용할 예정인가요?', 2),
('b4000000-0000-0000-0000-000000000003', 'a4000000-0000-0000-0000-000000000002', '주택 소유자가 아닌 임차인으로 신고하나요?', 1),
('b4000000-0000-0000-0000-000000000004', 'a4000000-0000-0000-0000-000000000002', '조식 제공을 위해 지하수를 사용할 예정인가요?', 2),
('b5000000-0000-0000-0000-000000000001', 'a5000000-0000-0000-0000-000000000001', '타인 소유의 부동산을 임차하여 운영할 예정인가요?', 1),
('b5000000-0000-0000-0000-000000000002', 'a5000000-0000-0000-0000-000000000001', '체육지도자(생활스포츠지도사 등)를 배치할 예정인가요?', 2),
('b6000000-0000-0000-0000-000000000001', 'a6000000-0000-0000-0000-000000000001', '법인으로 설립할 예정인가요?', 1),
('b6000000-0000-0000-0000-000000000002', 'a6000000-0000-0000-0000-000000000001', '교습장소를 임차하여 운영할 예정인가요?', 2),
('b7000000-0000-0000-0000-000000000001', 'a7000000-0000-0000-0000-000000000001', '한약사로 개설하는 경우인가요?', 1),
('b7000000-0000-0000-0000-000000000002', 'a7000000-0000-0000-0000-000000000001', '한약을 조제·판매할 예정인가요?', 2),
('b8000000-0000-0000-0000-000000000001', 'a8000000-0000-0000-0000-000000000001', '법인으로 개설할 예정인가요?', 1),
('b8000000-0000-0000-0000-000000000002', 'a8000000-0000-0000-0000-000000000001', '사무소를 임차하여 운영할 예정인가요?', 2);

-- documents
INSERT INTO documents (id, license_id, name, issuer, is_common) VALUES
('c1000000-0000-0000-0000-000000000001', 'a1000000-0000-0000-0000-000000000001', '영업신고서', '시군구청 위생과', true),
('c1000000-0000-0000-0000-000000000002', 'a1000000-0000-0000-0000-000000000001', '식품위생교육 이수증', '한국외식업중앙회', true),
('c1000000-0000-0000-0000-000000000003', 'a1000000-0000-0000-0000-000000000001', '건강진단결과서', '보건소', true),
('c1000000-0000-0000-0000-000000000004', 'a1000000-0000-0000-0000-000000000001', '수질검사 성적서', '먹는물 수질검사기관', false),
('c1000000-0000-0000-0000-000000000005', 'a1000000-0000-0000-0000-000000000001', '소방시설 완비증명서', '소방서', false),
('c1000000-0000-0000-0000-000000000006', 'a1000000-0000-0000-0000-000000000001', '액화석유가스 사용시설완성검사필증', '한국가스안전공사', false),
('c1000000-0000-0000-0000-000000000007', 'a1000000-0000-0000-0000-000000000001', '어린이놀이시설 설치검사합격증', '한국어린이안전재단', false),
('c1000000-0000-0000-0000-000000000008', 'a1000000-0000-0000-0000-000000000002', '영업신고서', '시군구청 위생과', true),
('c1000000-0000-0000-0000-000000000009', 'a1000000-0000-0000-0000-000000000002', '식품위생교육 이수증', '한국휴게음식업중앙회', true),
('c1000000-0000-0000-0000-000000000010', 'a1000000-0000-0000-0000-000000000002', '건강진단결과서', '보건소', true),
('c1000000-0000-0000-0000-000000000011', 'a1000000-0000-0000-0000-000000000002', '수질검사 성적서', '먹는물 수질검사기관', false),
('c1000000-0000-0000-0000-000000000012', 'a1000000-0000-0000-0000-000000000002', '소방시설 완비증명서', '소방서', false),
('c1000000-0000-0000-0000-000000000013', 'a1000000-0000-0000-0000-000000000002', '액화석유가스 사용시설완성검사필증', '한국가스안전공사', false),
('c1000000-0000-0000-0000-000000000014', 'a1000000-0000-0000-0000-000000000002', '어린이놀이시설 설치검사합격증', '한국어린이안전재단', false),
('c2000000-0000-0000-0000-000000000001', 'a2000000-0000-0000-0000-000000000001', '노래연습장업 등록신청서', '시군구청 문화체육과', true),
('c2000000-0000-0000-0000-000000000002', 'a2000000-0000-0000-0000-000000000001', '영업소 임대차계약서 사본', '임대인', true),
('c2000000-0000-0000-0000-000000000003', 'a2000000-0000-0000-0000-000000000001', '안전시설 완비증명서', '소방서', false),
('c2000000-0000-0000-0000-000000000004', 'a2000000-0000-0000-0000-000000000001', '건물등기사항증명서', '등기소', false),
('c3000000-0000-0000-0000-000000000001', 'a3000000-0000-0000-0000-000000000001', '공중위생영업 신고서', '시군구청 위생과', true),
('c3000000-0000-0000-0000-000000000002', 'a3000000-0000-0000-0000-000000000001', '영업시설 및 설비개요서', '자체 작성', true),
('c3000000-0000-0000-0000-000000000003', 'a3000000-0000-0000-0000-000000000001', '미용사 면허증', '시군구청', true),
('c3000000-0000-0000-0000-000000000004', 'a3000000-0000-0000-0000-000000000001', '위생교육 수료증', '대한미용사회', true),
('c3000000-0000-0000-0000-000000000005', 'a3000000-0000-0000-0000-000000000001', '종합미용업 추가 면허증', '시군구청', false),
('c3000000-0000-0000-0000-000000000006', 'a3000000-0000-0000-0000-000000000001', '국유재산 사용허가서', '국유재산 관할기관', false),
('c4000000-0000-0000-0000-000000000001', 'a4000000-0000-0000-0000-000000000001', '공중위생영업 신고서', '시군구청 위생과', true),
('c4000000-0000-0000-0000-000000000002', 'a4000000-0000-0000-0000-000000000001', '위생교육 수료증', '대한숙박업중앙회', true),
('c4000000-0000-0000-0000-000000000003', 'a4000000-0000-0000-0000-000000000001', '전기안전점검확인서', '한국전기안전공사', true),
('c4000000-0000-0000-0000-000000000004', 'a4000000-0000-0000-0000-000000000001', '소방시설 완비증명서', '소방서', true),
('c4000000-0000-0000-0000-000000000005', 'a4000000-0000-0000-0000-000000000001', '배상책임 보험증서 또는 공증서류', '보험사', false),
('c4000000-0000-0000-0000-000000000006', 'a4000000-0000-0000-0000-000000000001', '수질검사 성적서', '먹는물 수질검사기관', false),
('c4000000-0000-0000-0000-000000000007', 'a4000000-0000-0000-0000-000000000002', '농어촌민박사업자 신고서', '시군구청 농업정책과', true),
('c4000000-0000-0000-0000-000000000008', 'a4000000-0000-0000-0000-000000000002', '주택임대차계약서 사본', '임대인', false),
('c4000000-0000-0000-0000-000000000009', 'a4000000-0000-0000-0000-000000000002', '수질검사 성적서', '먹는물 수질검사기관', false),
('c5000000-0000-0000-0000-000000000001', 'a5000000-0000-0000-0000-000000000001', '체육시설업 신고서', '시군구청 체육과', true),
('c5000000-0000-0000-0000-000000000002', 'a5000000-0000-0000-0000-000000000001', '시설 및 설비 개요서', '자체 작성', true),
('c5000000-0000-0000-0000-000000000003', 'a5000000-0000-0000-0000-000000000001', '부동산 임대차계약서', '임대인', false),
('c5000000-0000-0000-0000-000000000004', 'a5000000-0000-0000-0000-000000000001', '체육지도자 자격증', '국민체육진흥공단', false),
('c6000000-0000-0000-0000-000000000001', 'a6000000-0000-0000-0000-000000000001', '학원설립·운영등록신청서', '교육청 교육지원과', true),
('c6000000-0000-0000-0000-000000000002', 'a6000000-0000-0000-0000-000000000001', '원칙(院則)', '자체 작성', true),
('c6000000-0000-0000-0000-000000000003', 'a6000000-0000-0000-0000-000000000001', '학원 시설평면도', '자체 작성', true),
('c6000000-0000-0000-0000-000000000004', 'a6000000-0000-0000-0000-000000000001', '교습장소 임대차계약서', '임대인', false),
('c6000000-0000-0000-0000-000000000005', 'a6000000-0000-0000-0000-000000000001', '정관 및 이사회회의록 사본', '법인', false),
('c7000000-0000-0000-0000-000000000001', 'a7000000-0000-0000-0000-000000000001', '약국개설등록신청서', '시군구청 보건위생과', true),
('c7000000-0000-0000-0000-000000000002', 'a7000000-0000-0000-0000-000000000001', '약사 면허증', '보건복지부', true),
('c7000000-0000-0000-0000-000000000003', 'a7000000-0000-0000-0000-000000000001', '건물평면도 및 구조설명서', '자체 작성', true),
('c7000000-0000-0000-0000-000000000004', 'a7000000-0000-0000-0000-000000000001', '한약사 면허증', '보건복지부', false),
('c7000000-0000-0000-0000-000000000005', 'a7000000-0000-0000-0000-000000000001', '한약 조제 신고서', '시군구청 보건위생과', false),
('c8000000-0000-0000-0000-000000000001', 'a8000000-0000-0000-0000-000000000001', '부동산중개사무소 개설등록신청서', '시군구청', true),
('c8000000-0000-0000-0000-000000000002', 'a8000000-0000-0000-0000-000000000001', '실무교육 수료확인증', '한국공인중개사협회', true),
('c8000000-0000-0000-0000-000000000003', 'a8000000-0000-0000-0000-000000000001', '중개사무소 확보 증명서류', '등기소 또는 임대인', true),
('c8000000-0000-0000-0000-000000000004', 'a8000000-0000-0000-0000-000000000001', '손해배상 업무보증 설정 증명서류', '한국공인중개사협회 공제', true),
('c8000000-0000-0000-0000-000000000005', 'a8000000-0000-0000-0000-000000000001', '법인 등기사항증명서', '등기소', false),
('c8000000-0000-0000-0000-000000000006', 'a8000000-0000-0000-0000-000000000001', '임대차계약서 사본', '임대인', false);

-- survey_documents
INSERT INTO survey_documents (id, survey_id, answer, document_id) VALUES
('d1000000-0000-0000-0000-000000000001', 'b1000000-0000-0000-0000-000000000001', true, 'c1000000-0000-0000-0000-000000000004'),
('d1000000-0000-0000-0000-000000000002', 'b1000000-0000-0000-0000-000000000002', true, 'c1000000-0000-0000-0000-000000000005'),
('d1000000-0000-0000-0000-000000000003', 'b1000000-0000-0000-0000-000000000003', true, 'c1000000-0000-0000-0000-000000000006'),
('d1000000-0000-0000-0000-000000000004', 'b1000000-0000-0000-0000-000000000004', true, 'c1000000-0000-0000-0000-000000000007'),
('d1000000-0000-0000-0000-000000000005', 'b1000000-0000-0000-0000-000000000005', true, 'c1000000-0000-0000-0000-000000000011'),
('d1000000-0000-0000-0000-000000000006', 'b1000000-0000-0000-0000-000000000006', true, 'c1000000-0000-0000-0000-000000000012'),
('d1000000-0000-0000-0000-000000000007', 'b1000000-0000-0000-0000-000000000007', true, 'c1000000-0000-0000-0000-000000000013'),
('d1000000-0000-0000-0000-000000000008', 'b1000000-0000-0000-0000-000000000008', true, 'c1000000-0000-0000-0000-000000000014'),
('d2000000-0000-0000-0000-000000000001', 'b2000000-0000-0000-0000-000000000001', true, 'c2000000-0000-0000-0000-000000000003'),
('d2000000-0000-0000-0000-000000000002', 'b2000000-0000-0000-0000-000000000002', true, 'c2000000-0000-0000-0000-000000000004'),
('d3000000-0000-0000-0000-000000000001', 'b3000000-0000-0000-0000-000000000001', true, 'c3000000-0000-0000-0000-000000000005'),
('d3000000-0000-0000-0000-000000000002', 'b3000000-0000-0000-0000-000000000002', true, 'c3000000-0000-0000-0000-000000000006'),
('d4000000-0000-0000-0000-000000000001', 'b4000000-0000-0000-0000-000000000001', true, 'c4000000-0000-0000-0000-000000000005'),
('d4000000-0000-0000-0000-000000000002', 'b4000000-0000-0000-0000-000000000002', true, 'c4000000-0000-0000-0000-000000000006'),
('d4000000-0000-0000-0000-000000000003', 'b4000000-0000-0000-0000-000000000003', true, 'c4000000-0000-0000-0000-000000000008'),
('d4000000-0000-0000-0000-000000000004', 'b4000000-0000-0000-0000-000000000004', true, 'c4000000-0000-0000-0000-000000000009'),
('d5000000-0000-0000-0000-000000000001', 'b5000000-0000-0000-0000-000000000001', true, 'c5000000-0000-0000-0000-000000000003'),
('d5000000-0000-0000-0000-000000000002', 'b5000000-0000-0000-0000-000000000002', true, 'c5000000-0000-0000-0000-000000000004'),
('d6000000-0000-0000-0000-000000000001', 'b6000000-0000-0000-0000-000000000001', true, 'c6000000-0000-0000-0000-000000000005'),
('d6000000-0000-0000-0000-000000000002', 'b6000000-0000-0000-0000-000000000002', true, 'c6000000-0000-0000-0000-000000000004'),
('d7000000-0000-0000-0000-000000000001', 'b7000000-0000-0000-0000-000000000001', true, 'c7000000-0000-0000-0000-000000000004'),
('d7000000-0000-0000-0000-000000000002', 'b7000000-0000-0000-0000-000000000002', true, 'c7000000-0000-0000-0000-000000000005'),
('d8000000-0000-0000-0000-000000000001', 'b8000000-0000-0000-0000-000000000001', true, 'c8000000-0000-0000-0000-000000000005'),
('d8000000-0000-0000-0000-000000000002', 'b8000000-0000-0000-0000-000000000002', true, 'c8000000-0000-0000-0000-000000000006');

-- checklist_steps
INSERT INTO checklist_steps (id, license_id, order_num, place, task, estimated_days) VALUES
('e1000000-0000-0000-0000-000000000001', 'a1000000-0000-0000-0000-000000000001', 1, '한국외식업중앙회', '식품위생교육 이수', '1일'),
('e1000000-0000-0000-0000-000000000002', 'a1000000-0000-0000-0000-000000000001', 2, '보건소', '건강진단결과서 발급', '1일'),
('e1000000-0000-0000-0000-000000000003', 'a1000000-0000-0000-0000-000000000001', 3, '시군구청 위생과', '영업신고서 제출 및 신고증 발급', '1~3일'),
('e1000000-0000-0000-0000-000000000004', 'a1000000-0000-0000-0000-000000000002', 1, '한국휴게음식업중앙회', '식품위생교육 이수', '1일'),
('e1000000-0000-0000-0000-000000000005', 'a1000000-0000-0000-0000-000000000002', 2, '보건소', '건강진단결과서 발급', '1일'),
('e1000000-0000-0000-0000-000000000006', 'a1000000-0000-0000-0000-000000000002', 3, '시군구청 위생과', '영업신고서 제출 및 신고증 발급', '1~3일'),
('e2000000-0000-0000-0000-000000000001', 'a2000000-0000-0000-0000-000000000001', 1, '소방서', '안전시설 완비증명서 발급 (해당자)', '3~7일'),
('e2000000-0000-0000-0000-000000000002', 'a2000000-0000-0000-0000-000000000001', 2, '시군구청 문화체육과', '노래연습장업 등록 신청 및 등록증 발급', '3~7일'),
('e3000000-0000-0000-0000-000000000001', 'a3000000-0000-0000-0000-000000000001', 1, '대한미용사회', '위생교육 수료', '1일'),
('e3000000-0000-0000-0000-000000000002', 'a3000000-0000-0000-0000-000000000001', 2, '시군구청 위생과', '영업신고서 제출 및 신고증 발급', '즉시'),
('e4000000-0000-0000-0000-000000000001', 'a4000000-0000-0000-0000-000000000001', 1, '대한숙박업중앙회', '위생교육 수료', '1일'),
('e4000000-0000-0000-0000-000000000002', 'a4000000-0000-0000-0000-000000000001', 2, '한국전기안전공사', '전기안전점검확인서 발급', '1~3일'),
('e4000000-0000-0000-0000-000000000003', 'a4000000-0000-0000-0000-000000000001', 3, '소방서', '소방시설 완비증명서 발급', '3~7일'),
('e4000000-0000-0000-0000-000000000004', 'a4000000-0000-0000-0000-000000000001', 4, '시군구청 위생과', '영업신고서 제출 및 신고증 발급', '즉시'),
('e4000000-0000-0000-0000-000000000005', 'a4000000-0000-0000-0000-000000000002', 1, '시군구청 농업정책과', '농어촌민박사업자 신고 및 신고확인증 발급', '10일 이내'),
('e5000000-0000-0000-0000-000000000001', 'a5000000-0000-0000-0000-000000000001', 1, '시군구청 체육과', '시설 기준 확인', '1~3일'),
('e5000000-0000-0000-0000-000000000002', 'a5000000-0000-0000-0000-000000000001', 2, '시군구청 체육과', '체육시설업 신고서 제출 및 신고증명서 발급', '7일 이내'),
('e6000000-0000-0000-0000-000000000001', 'a6000000-0000-0000-0000-000000000001', 1, '교육청 교육지원과', '시설 기준 확인', '1~3일'),
('e6000000-0000-0000-0000-000000000002', 'a6000000-0000-0000-0000-000000000001', 2, '교육청 교육지원과', '학원 설립·운영 등록 신청 및 등록증 발급', '7~14일'),
('e7000000-0000-0000-0000-000000000001', 'a7000000-0000-0000-0000-000000000001', 1, '시군구청 보건위생과', '약국개설등록 신청 및 등록증 발급', '3~7일'),
('e8000000-0000-0000-0000-000000000001', 'a8000000-0000-0000-0000-000000000001', 1, '한국공인중개사협회', '실무교육 수료', '1~2일'),
('e8000000-0000-0000-0000-000000000002', 'a8000000-0000-0000-0000-000000000001', 2, '한국공인중개사협회', '손해배상 업무보증 설정 (공제 가입)', '1~3일'),
('e8000000-0000-0000-0000-000000000003', 'a8000000-0000-0000-0000-000000000001', 3, '시군구청', '중개사무소 개설등록 신청 및 등록증 발급', '7일 이내');

-- license_industry_mappings
-- ※ category_id는 각 로컬 DB의 industry_categories 테이블 id 참조
INSERT INTO license_industry_mappings (id, category_id, license_id) VALUES
('f1000000-0000-0000-0000-000000000001', 'e14a5d5d-c43c-4635-9b84-bc14b25e64d0', 'a1000000-0000-0000-0000-000000000001'),
('f1000000-0000-0000-0000-000000000002', 'be759340-7149-44e2-bb46-a6eb679e6317', 'a1000000-0000-0000-0000-000000000001'),
('f1000000-0000-0000-0000-000000000003', 'd343c07f-7c61-4786-867e-4dd9e4b7148d', 'a1000000-0000-0000-0000-000000000001'),
('f1000000-0000-0000-0000-000000000004', '9edf1b50-7591-4b54-b0cf-91c9fa6fbac2', 'a1000000-0000-0000-0000-000000000001'),
('f1000000-0000-0000-0000-000000000005', 'a2c6fbbd-9974-42b8-89fd-75902d819355', 'a1000000-0000-0000-0000-000000000001'),
('f1000000-0000-0000-0000-000000000006', 'ce7535b8-795a-46f1-8874-71d6acc0f6ae', 'a1000000-0000-0000-0000-000000000001'),
('f1000000-0000-0000-0000-000000000007', '445b7ea1-8963-4e3b-8255-05ab320d9ec7', 'a1000000-0000-0000-0000-000000000001'),
('f1000000-0000-0000-0000-000000000008', '9cc6e647-ba8c-438c-bd9f-314c1200874a', 'a1000000-0000-0000-0000-000000000001'),
('f1000000-0000-0000-0000-000000000009', 'a4eb614b-36a9-4f1a-804b-d9b61f145310', 'a1000000-0000-0000-0000-000000000001'),
('f1000000-0000-0000-0000-000000000010', '99f774a0-8d59-44bb-8621-5bc44fa2d3d5', 'a1000000-0000-0000-0000-000000000001'),
('f1000000-0000-0000-0000-000000000011', '6c5c4866-83d2-4770-99fa-07cfc3fbff59', 'a1000000-0000-0000-0000-000000000001'),
('f1000000-0000-0000-0000-000000000012', '65ab558a-e0e5-4215-955b-c66f26a7b8d3', 'a1000000-0000-0000-0000-000000000001'),
('f1000000-0000-0000-0000-000000000013', '6cf4d629-512e-4510-b153-1e6fce1e48ce', 'a1000000-0000-0000-0000-000000000002'),
('f1000000-0000-0000-0000-000000000014', '25211b1a-9df8-444e-8949-f34174794bc1', 'a1000000-0000-0000-0000-000000000002'),
('f1000000-0000-0000-0000-000000000015', 'f0e583c6-08fe-4125-90ff-6e20d20ba8b7', 'a1000000-0000-0000-0000-000000000002'),
('f1000000-0000-0000-0000-000000000016', '10ca3d2e-13f4-40e4-9a29-ab6361ec5694', 'a1000000-0000-0000-0000-000000000002'),
('f1000000-0000-0000-0000-000000000017', 'cad1f777-e62d-486c-b56f-8a74f032f6d7', 'a1000000-0000-0000-0000-000000000002'),
('f1000000-0000-0000-0000-000000000018', '699c6ab6-95e9-4f14-b259-9d45b0b124f0', 'a1000000-0000-0000-0000-000000000002'),
('f1000000-0000-0000-0000-000000000019', '7f39e245-99f7-4f9c-805a-84617c33ab19', 'a1000000-0000-0000-0000-000000000002'),
('f1000000-0000-0000-0000-000000000020', '4dfc3b30-a180-4fab-a7a8-4140f8078960', 'a1000000-0000-0000-0000-000000000002'),
('f1000000-0000-0000-0000-000000000021', '4d3fa325-9558-4dad-878a-69dbb9f0ad96', 'a1000000-0000-0000-0000-000000000002'),
('f1000000-0000-0000-0000-000000000022', '43156e95-c67b-4bea-a959-88cbc9f0f0d2', 'a1000000-0000-0000-0000-000000000002'),
('f2000000-0000-0000-0000-000000000001', '50873a9b-50a0-4dc1-ba8f-26330a17e74d', 'a2000000-0000-0000-0000-000000000001'),
('f2000000-0000-0000-0000-000000000002', 'c6c0801c-84cd-451d-993b-dbe05367f944', 'a2000000-0000-0000-0000-000000000001'),
('f2000000-0000-0000-0000-000000000003', '0e9ebcda-c078-44af-bb8e-69544bd6dcd3', 'a2000000-0000-0000-0000-000000000001'),
('f2000000-0000-0000-0000-000000000004', '688dc48b-32e3-4c49-a721-3b319584e707', 'a2000000-0000-0000-0000-000000000001'),
('f3000000-0000-0000-0000-000000000001', '19343fa9-1232-4bde-9e9d-3000838675e3', 'a3000000-0000-0000-0000-000000000001'),
('f3000000-0000-0000-0000-000000000002', '46dc70c5-8ba5-4f2d-944d-4c4781b2ce51', 'a3000000-0000-0000-0000-000000000001'),
('f3000000-0000-0000-0000-000000000003', '638c84cf-cb44-4322-b495-ae8823fe040e', 'a3000000-0000-0000-0000-000000000001'),
('f4000000-0000-0000-0000-000000000001', 'd1a1f75e-6cf3-4b42-93e4-07fc758a4e4e', 'a4000000-0000-0000-0000-000000000001'),
('f4000000-0000-0000-0000-000000000002', '346e293e-4503-4b27-bef2-0a0f0f91b3df', 'a4000000-0000-0000-0000-000000000001'),
('f4000000-0000-0000-0000-000000000003', '58d45253-cd93-4077-ae87-bef907a67f36', 'a4000000-0000-0000-0000-000000000001'),
('f4000000-0000-0000-0000-000000000004', '7339d5bc-2510-4d4b-8173-64ac45cf17a7', 'a4000000-0000-0000-0000-000000000002'),
('f4000000-0000-0000-0000-000000000005', 'c723bd35-02a6-4587-af7a-0faad34c92b8', 'a4000000-0000-0000-0000-000000000002'),
('f5000000-0000-0000-0000-000000000001', '4146dc13-68ca-4fba-92cb-fba308f09b97', 'a5000000-0000-0000-0000-000000000001'),
('f5000000-0000-0000-0000-000000000002', '6fdfeb28-9c62-4440-812c-3a8bd3b91d60', 'a5000000-0000-0000-0000-000000000001'),
('f5000000-0000-0000-0000-000000000003', '0c4b4f8c-27df-4c3f-981a-ae1cc0e8ddff', 'a5000000-0000-0000-0000-000000000001'),
('f5000000-0000-0000-0000-000000000004', 'e249cfdf-4087-4ef4-972d-6d33f6c9e895', 'a5000000-0000-0000-0000-000000000001'),
('f5000000-0000-0000-0000-000000000005', 'fc4d46c8-4fb0-46d1-9d00-396aec103b0f', 'a5000000-0000-0000-0000-000000000001'),
('f5000000-0000-0000-0000-000000000006', '4c9feb86-bc1a-42e6-beae-c041be6d5a4c', 'a5000000-0000-0000-0000-000000000001'),
('f5000000-0000-0000-0000-000000000007', 'd279e520-1e71-4be4-8a00-272fd79302da', 'a5000000-0000-0000-0000-000000000001'),
('f5000000-0000-0000-0000-000000000008', '168edca2-a885-428d-ab70-512ef289e4a7', 'a5000000-0000-0000-0000-000000000001'),
('f5000000-0000-0000-0000-000000000009', 'd2c9d3ad-7ed9-4e7c-9c46-0f88740fa13d', 'a5000000-0000-0000-0000-000000000001'),
('f5000000-0000-0000-0000-000000000010', '8ec1098c-09c4-480c-b84d-24ff013336bd', 'a5000000-0000-0000-0000-000000000001'),
('f5000000-0000-0000-0000-000000000011', '45dc3b34-843f-4ada-86bf-2a14b1b99bc6', 'a5000000-0000-0000-0000-000000000001'),
('f6000000-0000-0000-0000-000000000001', '04cb3ebe-9456-421e-93c3-e62227ab9c4e', 'a6000000-0000-0000-0000-000000000001'),
('f6000000-0000-0000-0000-000000000002', '3584e808-e274-4606-9b3a-058b8e754c6f', 'a6000000-0000-0000-0000-000000000001'),
('f6000000-0000-0000-0000-000000000003', '5bf322a6-ce84-43be-a7a3-b6146209ff21', 'a6000000-0000-0000-0000-000000000001'),
('f6000000-0000-0000-0000-000000000004', '54064a9e-337f-4013-8945-18a8156de6ad', 'a6000000-0000-0000-0000-000000000001'),
('f6000000-0000-0000-0000-000000000005', 'c6925bd5-b3ab-48b3-9201-d3013f78e46f', 'a6000000-0000-0000-0000-000000000001'),
('f6000000-0000-0000-0000-000000000006', '5e39750a-1c5a-4274-a446-8ebc563a35d0', 'a6000000-0000-0000-0000-000000000001'),
('f6000000-0000-0000-0000-000000000007', '8b0a2d66-215b-4ac6-b8a5-b0830286e35d', 'a6000000-0000-0000-0000-000000000001'),
('f6000000-0000-0000-0000-000000000008', '3a7465d7-02f3-4770-b537-c0d7e9d14ca0', 'a6000000-0000-0000-0000-000000000001'),
('f6000000-0000-0000-0000-000000000009', '6eed7af9-1d65-412f-a49c-13f32d4f7ce1', 'a6000000-0000-0000-0000-000000000001'),
('f6000000-0000-0000-0000-000000000010', 'e7698130-7757-4c17-9feb-ab6f0d5096c3', 'a6000000-0000-0000-0000-000000000001'),
('f6000000-0000-0000-0000-000000000011', '2d7b4f79-4838-4a09-9a2e-d51a64154d1d', 'a6000000-0000-0000-0000-000000000001'),
('f6000000-0000-0000-0000-000000000012', '7567da00-ed6b-4c11-90fc-c75d757fe933', 'a6000000-0000-0000-0000-000000000001'),
('f7000000-0000-0000-0000-000000000001', 'fcc3ddb6-351d-407c-823a-26c3a9e871f0', 'a7000000-0000-0000-0000-000000000001'),
('f8000000-0000-0000-0000-000000000001', '95df2203-1050-4a6f-acb4-03d495a5bc45', 'a8000000-0000-0000-0000-000000000001');
